Workbook

Sheet Registro por tarea
A1: Participante | B1: Tarea | C1: Comando dictado | D1: Éxito (S/N) | E1: Tiempo (s) | F1: Errores interacción | G1: Intentos | H1: Intención detectada | I1: Confianza (%) | J1: Observaciones
A2: P1 | B2: T1 | C2: Transferir quinientos pesos a Juan Pérez
A3: P1 | B3: T2 | C3: Mandale dos lucas a Pedro
A4: P1 | B4: T3 | C4: Enviar cien dólares a María López
A5: P1 | B5: T4 | C5: Fijate cuánto tengo en la cuenta
A6: P1 | B6: T5 | C6: Cancelar la operación
A7: P1 | B7: T6 | C7: Anular la transferencia de ayer
A8: P2 | B8: T1 | C8: Transferir quinientos pesos a Juan Pérez
A9: P2 | B9: T2 | C9: Mandale dos lucas a Pedro
A10: P2 | B10: T3 | C10: Enviar cien dólares a María López
A11: P2 | B11: T4 | C11: Fijate cuánto tengo en la cuenta
A12: P2 | B12: T5 | C12: Cancelar la operación
A13: P2 | B13: T6 | C13: Anular la transferencia de ayer
... A31: P5 | B31: T6 | C31: Anular la transferencia de ayer

Sheet Resumen por tarea
A1: Tarea | B1: Tasa de éxito (%) | C1: Tiempo medio (s) | D1: Errores (promedio) | E1: Intentos (promedio)
A2: T1 - Transf. estándar | B2: =IF(COUNTA('Registro por tarea'!D2,'Registro por tarea'!D8,'Registro por tarea'!D14,'Registro por tarea'!D20,'Registro por tarea'!D26)=0,"-",COUNTIF('Registro por tarea'!D2,'Registro por tarea'!D8,'Registro por tarea'!D14,'Registro por tarea'!D20,'Registro por tarea'!D26,"S")/COUNTA('Registro por tarea'!D2,'Registro por tarea'!D8,'Registro por tarea'!D14,'Registro por tarea'!D20,'Registro por tarea'!D26)*100) -> - | C2: =IF(COUNTA('Registro por tarea'!E2,'Registro por tarea'!E8,'Registro por tarea'!E14,'Registro por tarea'!E20,'Registro por tarea'!E26)=0,"-",AVERAGE('Registro por tarea'!E2,'Registro por tarea'!E8,'Registro por tarea'!E14,'Registro por tarea'!E20,'Registro por tarea'!E26)) -> - | D2: =IF(COUNTA('Registro por tarea'!F2,'Registro por tarea'!F8,'Registro por tarea'!F14,'Registro por tarea'!F20,'Registro por tarea'!F26)=0,"-",AVERAGE('Registro por tarea'!F2,'Registro por tarea'!F8,'Registro por tarea'!F14,'Registro por tarea'!F20,'Registro por tarea'!F26)) -> - | E2: =IF(COUNTA('Registro por tarea'!G2,'Registro por tarea'!G8,'Registro por tarea'!G14,'Registro por tarea'!G20,'Registro por tarea'!G26)=0,"-",AVERAGE('Registro por tarea'!G2,'Registro por tarea'!G8,'Registro por tarea'!G14,'Registro por tarea'!G20,'Registro por tarea'!G26)) -> -
A3: T2 - Transf. coloquial | B3: =IF(COUNTA('Registro por tarea'!D3,'Registro por tarea'!D9,'Registro por tarea'!D15,'Registro por tarea'!D21,'Registro por tarea'!D27)=0,"-",COUNTIF('Registro por tarea'!D3,'Registro por tarea'!D9,'Registro por tarea'!D15,'Registro por tarea'!D21,'Registro por tarea'!D27,"S")/COUNTA('Registro por tarea'!D3,'Registro por tarea'!D9,'Registro por tarea'!D15,'Registro por tarea'!D21,'Registro por tarea'!D27)*100) -> - | C3: =IF(COUNTA('Registro por tarea'!E3,'Registro por tarea'!E9,'Registro por tarea'!E15,'Registro por tarea'!E21,'Registro por tarea'!E27)=0,"-",AVERAGE('Registro por tarea'!E3,'Registro por tarea'!E9,'Registro por tarea'!E15,'Registro por tarea'!E21,'Registro por tarea'!E27)) -> - | D3: =IF(COUNTA('Registro por tarea'!F3,'Registro por tarea'!F9,'Registro por tarea'!F15,'Registro por tarea'!F21,'Registro por tarea'!F27)=0,"-",AVERAGE('Registro por tarea'!F3,'Registro por tarea'!F9,'Registro por tarea'!F15,'Registro por tarea'!F21,'Registro por tarea'!F27)) -> - | E3: =IF(COUNTA('Registro por tarea'!G3,'Registro por tarea'!G9,'Registro por tarea'!G15,'Registro por tarea'!G21,'Registro por tarea'!G27)=0,"-",AVERAGE('Registro por tarea'!G3,'Registro por tarea'!G9,'Registro por tarea'!G15,'Registro por tarea'!G21,'Registro por tarea'!G27)) -> -
A4: T3 - Transf. dólares | B4: =IF(COUNTA('Registro por tarea'!D4,'Registro por tarea'!D10,'Registro por tarea'!D16,'Registro por tarea'!D22,'Registro por tarea'!D28)=0,"-",COUNTIF('Registro por tarea'!D4,'Registro por tarea'!D10,'Registro por tarea'!D16,'Registro por tarea'!D22,'Registro por tarea'!D28,"S")/COUNTA('Registro por tarea'!D4,'Registro por tarea'!D10,'Registro por tarea'!D16,'Registro por tarea'!D22,'Registro por tarea'!D28)*100) -> - | C4: =IF(COUNTA('Registro por tarea'!E4,'Registro por tarea'!E10,'Registro por tarea'!E16,'Registro por tarea'!E22,'Registro por tarea'!E28)=0,"-",AVERAGE('Registro por tarea'!E4,'Registro por tarea'!E10,'Registro por tarea'!E16,'Registro por tarea'!E22,'Registro por tarea'!E28)) -> - | D4: =IF(COUNTA('Registro por tarea'!F4,'Registro por tarea'!F10,'Registro por tarea'!F16,'Registro por tarea'!F22,'Registro por tarea'!F28)=0,"-",AVERAGE('Registro por tarea'!F4,'Registro por tarea'!F10,'Registro por tarea'!F16,'Registro por tarea'!F22,'Registro por tarea'!F28)) -> - | E4: =IF(COUNTA('Registro por tarea'!G4,'Registro por tarea'!G10,'Registro por tarea'!G16,'Registro por tarea'!G22,'Registro por tarea'!G28)=0,"-",AVERAGE('Registro por tarea'!G4,'Registro por tarea'!G10,'Registro por tarea'!G16,'Registro por tarea'!G22,'Registro por tarea'!G28)) -> -
A5: T4 - Consulta de saldo | B5: =IF(COUNTA('Registro por tarea'!D5,'Registro por tarea'!D11,'Registro por tarea'!D17,'Registro por tarea'!D23,'Registro por tarea'!D29)=0,"-",COUNTIF('Registro por tarea'!D5,'Registro por tarea'!D11,'Registro por tarea'!D17,'Registro por tarea'!D23,'Registro por tarea'!D29,"S")/COUNTA('Registro por tarea'!D5,'Registro por tarea'!D11,'Registro por tarea'!D17,'Registro por tarea'!D23,'Registro por tarea'!D29)*100) -> - | C5: =IF(COUNTA('Registro por tarea'!E5,'Registro por tarea'!E11,'Registro por tarea'!E17,'Registro por tarea'!E23,'Registro por tarea'!E29)=0,"-",AVERAGE('Registro por tarea'!E5,'Registro por tarea'!E11,'Registro por tarea'!E17,'Registro por tarea'!E23,'Registro por tarea'!E29)) -> - | D5: =IF(COUNTA('Registro por tarea'!F5,'Registro por tarea'!F11,'Registro por tarea'!F17,'Registro por tarea'!F23,'Registro por tarea'!F29)=0,"-",AVERAGE('Registro por tarea'!F5,'Registro por tarea'!F11,'Registro por tarea'!F17,'Registro por tarea'!F23,'Registro por tarea'!F29)) -> - | E5: =IF(COUNTA('Registro por tarea'!G5,'Registro por tarea'!G11,'Registro por tarea'!G17,'Registro por tarea'!G23,'Registro por tarea'!G29)=0,"-",AVERAGE('Registro por tarea'!G5,'Registro por tarea'!G11,'Registro por tarea'!G17,'Registro por tarea'!G23,'Registro por tarea'!G29)) -> -
A6: T5 - Cancelación | B6: =IF(COUNTA('Registro por tarea'!D6,'Registro por tarea'!D12,'Registro por tarea'!D18,'Registro por tarea'!D24,'Registro por tarea'!D30)=0,"-",COUNTIF('Registro por tarea'!D6,'Registro por tarea'!D12,'Registro por tarea'!D18,'Registro por tarea'!D24,'Registro por tarea'!D30,"S")/COUNTA('Registro por tarea'!D6,'Registro por tarea'!D12,'Registro por tarea'!D18,'Registro por tarea'!D24,'Registro por tarea'!D30)*100) -> - | C6: =IF(COUNTA('Registro por tarea'!E6,'Registro por tarea'!E12,'Registro por tarea'!E18,'Registro por tarea'!E24,'Registro por tarea'!E30)=0,"-",AVERAGE('Registro por tarea'!E6,'Registro por tarea'!E12,'Registro por tarea'!E18,'Registro por tarea'!E24,'Registro por tarea'!E30)) -> - | D6: =IF(COUNTA('Registro por tarea'!F6,'Registro por tarea'!F12,'Registro por tarea'!F18,'Registro por tarea'!F24,'Registro por tarea'!F30)=0,"-",AVERAGE('Registro por tarea'!F6,'Registro por tarea'!F12,'Registro por tarea'!F18,'Registro por tarea'!F24,'Registro por tarea'!F30)) -> - | E6: =IF(COUNTA('Registro por tarea'!G6,'Registro por tarea'!G12,'Registro por tarea'!G18,'Registro por tarea'!G24,'Registro por tarea'!G30)=0,"-",AVERAGE('Registro por tarea'!G6,'Registro por tarea'!G12,'Registro por tarea'!G18,'Registro por tarea'!G24,'Registro por tarea'!G30)) -> -
A7: T6 - Comando ambiguo | B7: =IF(COUNTA('Registro por tarea'!D7,'Registro por tarea'!D13,'Registro por tarea'!D19,'Registro por tarea'!D25,'Registro por tarea'!D31)=0,"-",COUNTIF('Registro por tarea'!D7,'Registro por tarea'!D13,'Registro por tarea'!D19,'Registro por tarea'!D25,'Registro por tarea'!D31,"S")/COUNTA('Registro por tarea'!D7,'Registro por tarea'!D13,'Registro por tarea'!D19,'Registro por tarea'!D25,'Registro por tarea'!D31)*100) -> - | C7: =IF(COUNTA('Registro por tarea'!E7,'Registro por tarea'!E13,'Registro por tarea'!E19,'Registro por tarea'!E25,'Registro por tarea'!E31)=0,"-",AVERAGE('Registro por tarea'!E7,'Registro por tarea'!E13,'Registro por tarea'!E19,'Registro por tarea'!E25,'Registro por tarea'!E31)) -> - | D7: =IF(COUNTA('Registro por tarea'!F7,'Registro por tarea'!F13,'Registro por tarea'!F19,'Registro por tarea'!F25,'Registro por tarea'!F31)=0,"-",AVERAGE('Registro por tarea'!F7,'Registro por tarea'!F13,'Registro por tarea'!F19,'Registro por tarea'!F25,'Registro por tarea'!F31)) -> - | E7: =IF(COUNTA('Registro por tarea'!G7,'Registro por tarea'!G13,'Registro por tarea'!G19,'Registro por tarea'!G25,'Registro por tarea'!G31)=0,"-",AVERAGE('Registro por tarea'!G7,'Registro por tarea'!G13,'Registro por tarea'!G19,'Registro por tarea'!G25,'Registro por tarea'!G31)) -> -
A8: Promedio | B8: =AVERAGE(B2:B7) -> #DIV/0! | C8: =AVERAGE(C2:C7) -> #DIV/0! | D8: =AVERAGE(D2:D7) -> #DIV/0! | E8: =AVERAGE(E2:E7) -> #DIV/0!

Sheet Instrucciones
A1: PROTOCOLO DE PRUEBAS DE USABILIDAD — SDK Aurum
A3: PREPARACIÓN
A4: 1. Ejecutar la app en un dispositivo iPhone físico (no simulador).
A5: 2. Verificar que el reconocimiento de voz funcione (locale es-MX on-device).
A6: 3. Elegir un ambiente silencioso con poco ruido de fondo.
A7: 4. Tener un cronómetro listo (puede ser el del iPhone).
A9: PARA CADA PARTICIPANTE
A10: 5. Explicarle brevemente: 'Vas a probar una app que permite hacer operaciones bancarias con la voz.'
A11: 6. NO explicarle los comandos exactos — darle la situación:
A12: - T1: 'Hacé una transferencia de 500 pesos a Juan Pérez'
A13: - T2: 'Mandale dos lucas a Pedro' (si no conoce 'lucas', decile el monto en jerga)
A14: - T3: 'Enviá 100 dólares a María López'
... A41: 18. Copiá los valores del resumen a la tabla del Capítulo 4 (tab:usabilidad).
